{
	"info": {
		"_postman_id": "5d5dbf0a-7261-40cb-9e54-fa0f50b880bd",
		"name": "store",
		"schema": "https://schema.getpostman.com/json/collection/v2.1.0/collection.json",
		"_exporter_id": "38219347",
		"_collection_link": "https://beaver-5379.postman.co/workspace/petstore~d34ba95c-51a6-4b2e-9640-b8e4c9be0bb0/collection/38219347-5d5dbf0a-7261-40cb-9e54-fa0f50b880bd?action=share&source=collection_link&creator=38219347"
	},
	"item": [
		{
			"name": "T009 - Return pet inventories by status",
			"protocolProfileBehavior": {
				"disableBodyPruning": true
			},
			"request": {
				"method": "GET",
				"header": [],
				"body": {
					"mode": "raw",
					"raw": "",
					"options": {
						"raw": {
							"language": "json"
						}
					}
				},
				"url": {
					"raw": "{{url}}/inventory",
					"host": [
						"{{url}}"
					],
					"path": [
						"inventory"
					]
				}
			},
			"response": []
		},
		{
			"name": "T005 - Find purchase order by ID",
			"request": {
				"auth": {
					"type": "noauth"
				},
				"method": "GET",
				"header": [],
				"url": {
					"raw": "{{url}}/order/{{orderId}}",
					"host": [
						"{{url}}"
					],
					"path": [
						"order",
						"{{orderId}}"
					]
				}
			},
			"response": []
		},
		{
			"name": "T001 - Place an order for a pet",
			"request": {
				"auth": {
					"type": "noauth"
				},
				"method": "POST",
				"header": [
					{
						"key": "Content-Type",
						"value": "application/json",
						"type": "text"
					}
				],
				"body": {
					"mode": "raw",
					"raw": "{\n  \"id\": 1,\n  \"petId\": 198772,\n  \"quantity\": 1,\n  \"shipDate\": \"2025-08-07T19:35:00.000Z\",\n  \"status\": \"placed\",\n  \"complete\": true\n}",
					"options": {
						"raw": {
							"language": "json"
						}
					}
				},
				"url": {
					"raw": "{{url}}/order",
					"host": [
						"{{url}}"
					],
					"path": [
						"order"
					]
				}
			},
			"response": []
		},
		{
			"name": "T007/T008 - Delete purchase order by ID",
			"request": {
				"auth": {
					"type": "noauth"
				},
				"method": "DELETE",
				"header": [],
				"url": {
					"raw": "{{url}}/order/{{orderId}}",
					"host": [
						"{{url}}"
					],
					"path": [
						"order",
						"{{orderId}}"
					]
				}
			},
			"response": []
		},
		{
			"name": "T002 - Place an order missing parameters",
			"request": {
				"auth": {
					"type": "noauth"
				},
				"method": "POST",
				"header": [
					{
						"key": "Content-Type",
						"value": "application/json",
						"type": "text"
					}
				],
				"body": {
					"mode": "raw",
					"raw": "{\n  \"id\": 1,\n  \"petId\": 198772,\n  \"quantity\": 1\n}"
				},
				"url": {
					"raw": "{{url}}/order",
					"host": [
						"{{url}}"
					],
					"path": [
						"order"
					]
				}
			},
			"response": []
		},
		{
			"name": "T003 - Place an empty order",
			"request": {
				"method": "POST",
				"header": [],
				"body": {
					"mode": "raw",
					"raw": "{\n    \n}",
					"options": {
						"raw": {
							"language": "json"
						}
					}
				}
			},
			"response": []
		},
		{
			"name": "T004 - Place an invalid order",
			"request": {
				"method": "POST",
				"header": [],
				"body": {
					"mode": "raw",
					"raw": "{\n \"id\": 192,\n}\n",
					"options": {
						"raw": {
							"language": "json"
						}
					}
				}
			},
			"response": []
		},
		{
			"name": "T006  - Find an invalid order",
			"request": {
				"auth": {
					"type": "noauth"
				},
				"method": "GET",
				"header": [],
				"url": {
					"raw": "{{url}}/order/99999",
					"host": [
						"{{url}}"
					],
					"path": [
						"order",
						"99999"
					]
				}
			},
			"response": []
		}
	],
	"event": [
		{
			"listen": "prerequest",
			"script": {
				"type": "text/javascript",
				"packages": {},
				"exec": [
					""
				]
			}
		},
		{
			"listen": "test",
			"script": {
				"type": "text/javascript",
				"packages": {},
				"exec": [
					""
				]
			}
		}
	],
	"variable": [
		{
			"key": "url",
			"value": "",
			"type": "string"
		},
		{
			"key": "orderId",
			"value": "",
			"type": "string"
		}
	]
}