{
	"info": {
		"_postman_id": "a4f91421-fd4c-486a-b50b-7adb45d52145",
		"name": "PetStoreAPI_Wesley",
		"schema": "https://schema.getpostman.com/json/collection/v2.1.0/collection.json",
		"_exporter_id": "45425348"
	},
	"item": [
		{
			"name": "LogIn",
			"item": [
				{
					"name": "LogIn - Caso Base",
					"protocolProfileBehavior": {
						"disableBodyPruning": true
					},
					"request": {
						"method": "GET",
						"header": [],
						"body": {
							"mode": "raw",
							"raw": "\"string\"",
							"options": {
								"raw": {
									"language": "json"
								}
							}
						},
						"url": {
							"raw": "{{base_url}}user/login?username=user2&password=12345",
							"host": [
								"{{base_url}}user"
							],
							"path": [
								"login"
							],
							"query": [
								{
									"key": "username",
									"value": "user2"
								},
								{
									"key": "password",
									"value": "12345"
								}
							]
						}
					},
					"response": []
				},
				{
					"name": "LogIn - Username Incorreto",
					"protocolProfileBehavior": {
						"disableBodyPruning": true
					},
					"request": {
						"method": "GET",
						"header": [],
						"body": {
							"mode": "raw",
							"raw": "\"string\"",
							"options": {
								"raw": {
									"language": "json"
								}
							}
						},
						"url": {
							"raw": "{{base_url}}/user/login?username=userNone&password=12345",
							"host": [
								"{{base_url}}"
							],
							"path": [
								"user",
								"login"
							],
							"query": [
								{
									"key": "username",
									"value": "userNone"
								},
								{
									"key": "password",
									"value": "12345"
								}
							]
						}
					},
					"response": []
				},
				{
					"name": "LogIn - Password Incorreto",
					"protocolProfileBehavior": {
						"disableBodyPruning": true
					},
					"request": {
						"method": "GET",
						"header": [],
						"body": {
							"mode": "raw",
							"raw": "\"string\"",
							"options": {
								"raw": {
									"language": "json"
								}
							}
						},
						"url": {
							"raw": "{{base_url}}/user/login?username=user2&password=12",
							"host": [
								"{{base_url}}"
							],
							"path": [
								"user",
								"login"
							],
							"query": [
								{
									"key": "username",
									"value": "user2"
								},
								{
									"key": "password",
									"value": "12"
								}
							]
						}
					},
					"response": []
				},
				{
					"name": "LogIn -  Sem queries",
					"protocolProfileBehavior": {
						"disableBodyPruning": true
					},
					"request": {
						"method": "GET",
						"header": [],
						"body": {
							"mode": "raw",
							"raw": "\"string\"",
							"options": {
								"raw": {
									"language": "json"
								}
							}
						},
						"url": {
							"raw": "{{base_url}}/user/login?username=&password=",
							"host": [
								"{{base_url}}"
							],
							"path": [
								"user",
								"login"
							],
							"query": [
								{
									"key": "username",
									"value": ""
								},
								{
									"key": "password",
									"value": ""
								}
							]
						}
					},
					"response": []
				}
			]
		},
		{
			"name": "LogOut",
			"item": [
				{
					"name": "LogOut - Caso Base",
					"request": {
						"method": "GET",
						"header": [],
						"url": {
							"raw": "{{base_url}}/user/logout",
							"host": [
								"{{base_url}}"
							],
							"path": [
								"user",
								"logout"
							]
						}
					},
					"response": []
				},
				{
					"name": "LogOut - Com User",
					"request": {
						"method": "GET",
						"header": [],
						"url": {
							"raw": "{{base_url}}user/logout?username={{username}}",
							"host": [
								"{{base_url}}user"
							],
							"path": [
								"logout"
							],
							"query": [
								{
									"key": "username",
									"value": "{{username}}"
								}
							]
						}
					},
					"response": []
				}
			]
		},
		{
			"name": "GetUser",
			"item": [
				{
					"name": "GetUser - Caso Base",
					"request": {
						"method": "GET",
						"header": [],
						"url": {
							"raw": "{{base_url}}/user/{{username}}",
							"host": [
								"{{base_url}}"
							],
							"path": [
								"user",
								"{{username}}"
							]
						}
					},
					"response": []
				},
				{
					"name": "GetUser - Username Incorreto",
					"request": {
						"method": "GET",
						"header": [],
						"url": {
							"raw": "{{base_url}}/user/joao",
							"host": [
								"{{base_url}}"
							],
							"path": [
								"user",
								"joao"
							]
						}
					},
					"response": []
				}
			]
		},
		{
			"name": "UpdateUser",
			"item": [
				{
					"name": "UpdateUser - Caso Base",
					"request": {
						"method": "PUT",
						"header": [],
						"body": {
							"mode": "raw",
							"raw": "{\n  \"id\": 10,\n  \"username\": \"user2\",\n  \"firstName\": \"Mary\",\n  \"lastName\": \"Alice\",\n  \"email\": \"marya@email.com\",\n  \"password\": \"12345\",\n  \"phone\": \"12345\",\n  \"userStatus\": 1\n}",
							"options": {
								"raw": {
									"language": "json"
								}
							}
						},
						"url": {
							"raw": "{{base_url}}/user/{{username}}",
							"host": [
								"{{base_url}}"
							],
							"path": [
								"user",
								"{{username}}"
							]
						}
					},
					"response": []
				},
				{
					"name": "UpdateUser - ID abaixo de 10",
					"request": {
						"method": "PUT",
						"header": [],
						"body": {
							"mode": "raw",
							"raw": "{\n  \"id\": 01,\n  \"username\": \"user2\",\n  \"firstName\": \"Mary\",\n  \"lastName\": \"Alice\",\n  \"email\": \"marya@email.com\",\n  \"password\": \"12345\",\n  \"phone\": \"12345\",\n  \"userStatus\": 1\n}",
							"options": {
								"raw": {
									"language": "json"
								}
							}
						},
						"url": {
							"raw": "{{base_url}}/user/{{username}}",
							"host": [
								"{{base_url}}"
							],
							"path": [
								"user",
								"{{username}}"
							]
						}
					},
					"response": []
				},
				{
					"name": "UpdateUser - Password vazio",
					"request": {
						"method": "PUT",
						"header": [],
						"body": {
							"mode": "raw",
							"raw": "{\n  \"id\": 10,\n  \"username\": \"user2\",\n  \"firstName\": \"Mary\",\n  \"lastName\": \"Alice\",\n  \"email\": \"marya@email.com\",\n  \"password\": \"\",\n  \"phone\": \"12345\",\n  \"userStatus\": 1\n}",
							"options": {
								"raw": {
									"language": "json"
								}
							}
						},
						"url": {
							"raw": "{{base_url}}/user/{{username}}",
							"host": [
								"{{base_url}}"
							],
							"path": [
								"user",
								"{{username}}"
							]
						}
					},
					"response": []
				}
			]
		}
	],
	"event": [
		{
			"listen": "prerequest",
			"script": {
				"type": "text/javascript",
				"packages": {},
				"exec": [
					""
				]
			}
		},
		{
			"listen": "test",
			"script": {
				"type": "text/javascript",
				"packages": {},
				"exec": [
					""
				]
			}
		}
	],
	"variable": [
		{
			"key": "base_url",
			"value": "https://petstore3.swagger.io/api/v3",
			"type": "default"
		},
		{
			"key": "username",
			"value": "user2",
			"type": "default"
		}
	]
}